{
    "root_group": {
        "name": "",
        "path": "",
        "id": "d41d8cd98f00b204e9800998ecf8427e",
        "groups": {
            "setup": {
                "name": "setup",
                "path": "::setup",
                "id": "5c0f8025f7e0b6654089e5b00e950f1a",
                "groups": {},
                "checks": {}
            }
        },
        "checks": {
            "health ok": {
                "name": "health ok",
                "path": "::health ok",
                "id": "c42ae2f6b425daab202696e0780b9a01",
                "passes": 6544,
                "fails": 30351
            },
            "streams ok": {
                "fails": 30377,
                "name": "streams ok",
                "path": "::streams ok",
                "id": "2445d664a9b6a3b6b42133f12477b15f",
                "passes": 6471
            },
            "time ok": {
                "path": "::time ok",
                "id": "59c9b6b51f3103bf03f4239bfb9cdb4a",
                "passes": 6422,
                "fails": 30379,
                "name": "time ok"
            },
            "status ok": {
                "path": "::status ok",
                "id": "017d7c5e080cbf543220d509d2bfff42",
                "passes": 6397,
                "fails": 30352,
                "name": "status ok"
            }
        }
    },
    "metrics": {
        "http_req_blocked": {
            "med": 0,
            "max": 12812.6387,
            "p(90)": 433.2447500000002,
            "p(95)": 614.2160250000001,
            "avg": 135.20767571727382,
            "min": 0
        },
        "vus": {
            "value": 146,
            "min": 146,
            "max": 200
        },
        "http_req_connecting": {
            "med": 0,
            "max": 7027.265,
            "p(90)": 47.81254000000001,
            "p(95)": 59.47854500000002,
            "avg": 28.584782082094105,
            "min": 0
        },
        "http_req_tls_handshaking": {
            "avg": 106.85479808274556,
            "min": 0,
            "med": 0,
            "max": 12803.5891,
            "p(90)": 376.7092300000001,
            "p(95)": 530.0695000000003
        },
        "http_req_sending": {
            "med": 0,
            "max": 187.2263,
            "p(90)": 0.6437,
            "p(95)": 1.0006,
            "avg": 0.2045359817779408,
            "min": 0
        },
        "http_req_receiving": {
            "med": 0.9984,
            "max": 31718.7134,
            "p(90)": 13.903980000000004,
            "p(95)": 30.786995000000054,
            "avg": 16.5199555501242,
            "min": 0
        },
        "iteration_duration": {
            "min": 148.1099,
            "med": 671.3836,
            "max": 167865.8677,
            "p(90)": 1405.6961899999997,
            "p(95)": 1753.7238749999983,
            "avg": 1330.7576011619003
        },
        "http_req_duration{expected_response:true}": {
            "avg": 121.34753875749851,
            "min": 25.0468,
            "med": 112.7503,
            "max": 1721.9074,
            "p(90)": 171.38416000000004,
            "p(95)": 192.04594999999995
        },
        "checks": {
            "fails": 121459,
            "passes": 25834,
            "value": 0.17539190592899867
        },
        "vus_max": {
            "min": 200,
            "max": 200,
            "value": 200
        },
        "iterations": {
            "count": 36749,
            "rate": 111.07775480467774
        },
        "http_req_failed": {
            "fails": 25835,
            "passes": 121459,
            "thresholds": {
                "rate<0.01": true
            },
            "value": 0.8246024956888943
        },
        "data_received": {
            "count": 934990373,
            "rate": 2826107.6871976973
        },
        "http_req_waiting": {
            "med": 28.327849999999998,
            "max": 30523.5823,
            "p(90)": 120.9877,
            "p(95)": 152.58889000000013,
            "avg": 57.66924761090093,
            "min": 0
        },
        "http_req_duration": {
            "avg": 74.39373914280246,
            "min": 0,
            "med": 35.4146,
            "max": 32132.7449,
            "p(90)": 128.415,
            "p(95)": 167.7344,
            "thresholds": {
                "p(95)<500": false
            }
        },
        "data_sent": {
            "count": 42768319,
            "rate": 129271.78566192932
        },
        "http_reqs": {
            "count": 147294,
            "rate": 445.21175586275007
        }
    },
    "setup_data": {
        "streamId": "cmkfyvrue008ll52lkb09kcu9",
        "streamSlug": "e2e-perf-1768512838016",
        "authCookie": ""
    }
}