{
    "metrics": {
        "data_received": {
            "count": 132398657,
            "rate": 122476.41351066245
        },
        "vus_max": {
            "value": 5000,
            "min": 5000,
            "max": 5000
        },
        "http_req_failed": {
            "passes": 8762,
            "fails": 164105,
            "thresholds": {
                "rate<0.02": true
            },
            "value": 0.05068636581880868
        },
        "http_req_receiving": {
            "avg": 0.3926953403483573,
            "min": 0,
            "med": 0,
            "max": 632.6133,
            "p(90)": 1.0042,
            "p(95)": 1.382
        },
        "http_req_duration": {
            "avg": 23.300420892362286,
            "min": 8.5523,
            "med": 22.6192,
            "max": 2761.6389,
            "p(90)": 26.86254,
            "p(95)": 29.322909999999997,
            "thresholds": {
                "p(95)<1500": false
            }
        },
        "http_reqs": {
            "count": 172867,
            "rate": 159.91197081665024
        },
        "http_req_sending": {
            "min": 0,
            "med": 0,
            "max": 14.343,
            "p(90)": 0,
            "p(95)": 0,
            "avg": 0.02615128624896614
        },
        "data_sent": {
            "count": 9333046,
            "rate": 8633.607221635444
        },
        "http_req_connecting": {
            "min": 0,
            "med": 0,
            "max": 67.5809,
            "p(90)": 0,
            "p(95)": 0,
            "avg": 0.2689122938443997
        },
        "http_req_tls_handshaking": {
            "avg": 0.5177809657135239,
            "min": 0,
            "med": 0,
            "max": 229.5532,
            "p(90)": 0,
            "p(95)": 0
        },
        "checks": {
            "passes": 164104,
            "fails": 8762,
            "value": 0.9493133409693058
        },
        "http_req_duration{expected_response:true}": {
            "med": 22.779,
            "max": 2761.6389,
            "p(90)": 27.0227,
            "p(95)": 29.48896,
            "avg": 23.871512835684236,
            "min": 16.7099
        },
        "http_req_blocked": {
            "avg": 0.789967613251806,
            "min": 0,
            "med": 0,
            "max": 239.4524,
            "p(90)": 0,
            "p(95)": 0
        },
        "http_req_waiting": {
            "p(90)": 26.436339999999998,
            "p(95)": 28.725659999999987,
            "avg": 22.88157426576483,
            "min": 7.6691,
            "med": 22.2478,
            "max": 2760.5206
        },
        "vus": {
            "value": 1,
            "min": 1,
            "max": 5000
        },
        "iterations": {
            "count": 4195280,
            "rate": 3880.8765867845013
        },
        "iteration_duration": {
            "med": 1000.6587,
            "max": 3761.7476,
            "p(90)": 1001.3246,
            "p(95)": 1001.9818,
            "avg": 1001.702143654449,
            "min": 116.1453
        }
    },
    "setup_data": {
        "slug": "e2e-perf-1768614938962"
    },
    "root_group": {
        "checks": {
            "page ok": {
                "fails": 0,
                "name": "page ok",
                "path": "::page ok",
                "id": "2e796bb933268c7c35d2149c8e012038",
                "passes": 5000
            },
            "time ok": {
                "id": "59c9b6b51f3103bf03f4239bfb9cdb4a",
                "passes": 24387,
                "fails": 1210,
                "name": "time ok",
                "path": "::time ok"
            },
            "status ok": {
                "name": "status ok",
                "path": "::status ok",
                "id": "017d7c5e080cbf543220d509d2bfff42",
                "passes": 134717,
                "fails": 7552
            }
        },
        "name": "",
        "path": "",
        "id": "d41d8cd98f00b204e9800998ecf8427e",
        "groups": {
            "setup": {
                "name": "setup",
                "path": "::setup",
                "id": "5c0f8025f7e0b6654089e5b00e950f1a",
                "groups": {},
                "checks": {}
            }
        }
    }
}