{
    "metrics": {
        "iteration_duration": {
            "max": 17474.5928,
            "p(90)": 1001.2688,
            "p(95)": 1001.9597,
            "avg": 1001.6261522856499,
            "min": 115.2504,
            "med": 1000.6586
        },
        "iterations": {
            "count": 4195633,
            "rate": 3881.053507066464
        },
        "http_req_failed": {
            "passes": 23166,
            "fails": 149710,
            "thresholds": {
                "rate<0.02": true
            },
            "value": 0.1340035632476457
        },
        "http_reqs": {
            "count": 172876,
            "rate": 159.91413121396033
        },
        "http_req_duration{expected_response:true}": {
            "p(95)": 28.9053,
            "avg": 23.347968813038694,
            "min": 16.5431,
            "med": 22.3717,
            "max": 16474.3224,
            "p(90)": 26.495520000000003
        },
        "http_req_blocked": {
            "p(95)": 0,
            "avg": 0.7784014628982626,
            "min": 0,
            "med": 0,
            "max": 81.8288,
            "p(90)": 0
        },
        "http_req_connecting": {
            "avg": 0.2746882048404637,
            "min": 0,
            "med": 0,
            "max": 61.6131,
            "p(90)": 0,
            "p(95)": 0
        },
        "checks": {
            "passes": 149709,
            "fails": 23166,
            "value": 0.865995661605206
        },
        "vus": {
            "value": 1,
            "min": 1,
            "max": 5000
        },
        "http_req_tls_handshaking": {
            "med": 0,
            "max": 72.8446,
            "p(90)": 0,
            "p(95)": 0,
            "avg": 0.5006087982137493,
            "min": 0
        },
        "http_req_sending": {
            "max": 2.5014,
            "p(90)": 0,
            "p(95)": 0,
            "avg": 0.020199097040653497,
            "min": 0,
            "med": 0
        },
        "vus_max": {
            "value": 5000,
            "min": 5000,
            "max": 5000
        },
        "http_req_duration": {
            "avg": 21.80874589358873,
            "min": 7.9736,
            "med": 21.9524,
            "max": 16474.3224,
            "p(90)": 26.079349999999998,
            "p(95)": 28.422575000000002,
            "thresholds": {
                "p(95)<1500": false
            }
        },
        "data_sent": {
            "count": 9333230,
            "rate": 8633.444589590637
        },
        "http_req_waiting": {
            "p(95)": 27.8968,
            "avg": 21.432880524191155,
            "min": 7.9021,
            "med": 21.59245,
            "max": 16474.3224,
            "p(90)": 25.714750000000002
        },
        "http_req_receiving": {
            "p(90)": 1.0005,
            "p(95)": 1.329625,
            "avg": 0.35566627235706744,
            "min": 0,
            "med": 0,
            "max": 91.4635
        },
        "data_received": {
            "count": 128613301,
            "rate": 118970.1537053991
        }
    },
    "setup_data": {
        "slug": "e2e-perf-1768595818951"
    },
    "root_group": {
        "name": "",
        "path": "",
        "id": "d41d8cd98f00b204e9800998ecf8427e",
        "groups": {
            "setup": {
                "name": "setup",
                "path": "::setup",
                "id": "5c0f8025f7e0b6654089e5b00e950f1a",
                "groups": {},
                "checks": {}
            }
        },
        "checks": {
            "page ok": {
                "id": "2e796bb933268c7c35d2149c8e012038",
                "passes": 5000,
                "fails": 0,
                "name": "page ok",
                "path": "::page ok"
            },
            "time ok": {
                "name": "time ok",
                "path": "::time ok",
                "id": "59c9b6b51f3103bf03f4239bfb9cdb4a",
                "passes": 22371,
                "fails": 3227
            },
            "status ok": {
                "fails": 19939,
                "name": "status ok",
                "path": "::status ok",
                "id": "017d7c5e080cbf543220d509d2bfff42",
                "passes": 122338
            }
        }
    }
}