{
    "root_group": {
        "id": "d41d8cd98f00b204e9800998ecf8427e",
        "groups": {
            "setup": {
                "groups": {},
                "checks": {},
                "name": "setup",
                "path": "::setup",
                "id": "5c0f8025f7e0b6654089e5b00e950f1a"
            }
        },
        "checks": {
            "page ok": {
                "name": "page ok",
                "path": "::page ok",
                "id": "2e796bb933268c7c35d2149c8e012038",
                "passes": 5000,
                "fails": 0
            },
            "time ok": {
                "path": "::time ok",
                "id": "59c9b6b51f3103bf03f4239bfb9cdb4a",
                "passes": 25595,
                "fails": 0,
                "name": "time ok"
            },
            "status ok": {
                "passes": 142264,
                "fails": 0,
                "name": "status ok",
                "path": "::status ok",
                "id": "017d7c5e080cbf543220d509d2bfff42"
            }
        },
        "name": "",
        "path": ""
    },
    "metrics": {
        "http_req_waiting": {
            "avg": 24.15075240946448,
            "min": 16.7663,
            "med": 23.2236,
            "max": 739.0243,
            "p(90)": 27.903270000000003,
            "p(95)": 30.44838499999998
        },
        "http_req_receiving": {
            "p(90)": 1.005,
            "p(95)": 1.3938049999999989,
            "avg": 0.36526966678236517,
            "min": 0,
            "med": 0,
            "max": 89.9406
        },
        "data_sent": {
            "count": 9327651,
            "rate": 8622.519522001594
        },
        "http_req_duration": {
            "max": 739.9303,
            "p(90)": 28.335050000000003,
            "p(95)": 31.04632999999999,
            "avg": 24.540248455976133,
            "min": 17.0036,
            "med": 23.56555,
            "thresholds": {
                "p(95)<1500": false
            }
        },
        "http_req_connecting": {
            "avg": 0.2680589777854904,
            "min": 0,
            "med": 0,
            "max": 51.989,
            "p(90)": 0,
            "p(95)": 0
        },
        "http_req_blocked": {
            "max": 90.893,
            "p(90)": 0,
            "p(95)": 0,
            "avg": 0.818471920050908,
            "min": 0,
            "med": 0
        },
        "checks": {
            "passes": 172859,
            "fails": 0,
            "value": 1
        },
        "http_req_sending": {
            "avg": 0.02422637972926073,
            "min": 0,
            "med": 0,
            "max": 3.5305,
            "p(90)": 0,
            "p(95)": 0
        },
        "iteration_duration": {
            "avg": 1001.7430080716592,
            "min": 830.2869,
            "med": 1000.6564,
            "max": 1647.1455,
            "p(90)": 1001.2099,
            "p(95)": 1001.9697
        },
        "http_req_tls_handshaking": {
            "avg": 0.5466549328936701,
            "min": 0,
            "med": 0,
            "max": 62.3261,
            "p(90)": 0,
            "p(95)": 0
        },
        "data_received": {
            "count": 134541362,
            "rate": 124370.59666594338
        },
        "vus": {
            "value": 1,
            "min": 0,
            "max": 5000
        },
        "vus_max": {
            "value": 5000,
            "min": 5000,
            "max": 5000
        },
        "http_req_duration{expected_response:true}": {
            "avg": 24.540248455976133,
            "min": 17.0036,
            "med": 23.56555,
            "max": 739.9303,
            "p(90)": 28.335050000000003,
            "p(95)": 31.04632999999999
        },
        "iterations": {
            "count": 4195131,
            "rate": 3877.99660866965
        },
        "http_req_failed": {
            "passes": 0,
            "fails": 172860,
            "thresholds": {
                "rate<0.02": false
            },
            "value": 0
        },
        "http_reqs": {
            "count": 172860,
            "rate": 159.79250559151447
        }
    },
    "setup_data": {
        "slug": "e2e-perf-1768512838016"
    }
}