{
    "setup_data": {
        "slug": "e2e-perf-1768625594090"
    },
    "root_group": {
        "name": "",
        "path": "",
        "id": "d41d8cd98f00b204e9800998ecf8427e",
        "groups": {
            "setup": {
                "name": "setup",
                "path": "::setup",
                "id": "5c0f8025f7e0b6654089e5b00e950f1a",
                "groups": {},
                "checks": {}
            }
        },
        "checks": {
            "page ok": {
                "passes": 4942,
                "fails": 58,
                "name": "page ok",
                "path": "::page ok",
                "id": "2e796bb933268c7c35d2149c8e012038"
            },
            "time ok": {
                "name": "time ok",
                "path": "::time ok",
                "id": "59c9b6b51f3103bf03f4239bfb9cdb4a",
                "passes": 22857,
                "fails": 2739
            },
            "status ok": {
                "fails": 16866,
                "name": "status ok",
                "path": "::status ok",
                "id": "017d7c5e080cbf543220d509d2bfff42",
                "passes": 125402
            }
        }
    },
    "metrics": {
        "http_req_blocked": {
            "p(95)": 0,
            "avg": 0.8700719868105207,
            "min": 0,
            "med": 0,
            "max": 1031.2072,
            "p(90)": 0
        },
        "http_req_tls_handshaking": {
            "p(90)": 0,
            "p(95)": 0,
            "avg": 0.5329665849072989,
            "min": 0,
            "med": 0,
            "max": 66.3508
        },
        "http_req_sending": {
            "avg": 0.033464300465681614,
            "min": 0,
            "med": 0,
            "max": 3.4499,
            "p(90)": 0,
            "p(95)": 0.5092
        },
        "http_req_duration{expected_response:true}": {
            "avg": 24.859702937298557,
            "min": 16.6341,
            "med": 22.7194,
            "max": 9113.0835,
            "p(90)": 27.21595,
            "p(95)": 29.8897
        },
        "checks": {
            "passes": 153201,
            "fails": 19663,
            "value": 0.8862516197704554
        },
        "http_req_receiving": {
            "max": 528.622,
            "p(90)": 1,
            "p(95)": 1.3230799999999987,
            "avg": 0.3505191478899739,
            "min": 0,
            "med": 0
        },
        "http_reqs": {
            "count": 172865,
            "rate": 159.89977009366578
        },
        "iteration_duration": {
            "p(90)": 1001.2276,
            "p(95)": 1001.9763,
            "avg": 1001.708132709597,
            "min": 96.8362,
            "med": 1000.651,
            "max": 10113.7166
        },
        "data_received": {
            "count": 129064942,
            "rate": 119384.8063688561
        },
        "data_sent": {
            "count": 9324859,
            "rate": 8625.47543028288
        },
        "http_req_duration": {
            "max": 9113.0835,
            "p(90)": 26.838,
            "p(95)": 29.45518,
            "avg": 23.44621183640422,
            "min": 8.4806,
            "med": 22.33,
            "thresholds": {
                "p(95)<1500": false
            }
        },
        "http_req_connecting": {
            "avg": 0.3335744997541429,
            "min": 0,
            "med": 0,
            "max": 1012.9826,
            "p(90)": 0,
            "p(95)": 0
        },
        "vus": {
            "value": 3,
            "min": 3,
            "max": 5000
        },
        "http_req_failed": {
            "passes": 19663,
            "fails": 153202,
            "thresholds": {
                "rate<0.02": true
            },
            "value": 0.11374772221097389
        },
        "iterations": {
            "count": 4195275,
            "rate": 3880.620761748785
        },
        "http_req_waiting": {
            "p(90)": 26.43822,
            "p(95)": 28.883939999999996,
            "avg": 23.0622283880486,
            "min": 8.1476,
            "med": 22.0129,
            "max": 9113.0835
        },
        "vus_max": {
            "min": 5000,
            "max": 5000,
            "value": 5000
        }
    }
}