{
    "root_group": {
        "name": "",
        "path": "",
        "id": "d41d8cd98f00b204e9800998ecf8427e",
        "groups": {
            "setup": {
                "name": "setup",
                "path": "::setup",
                "id": "5c0f8025f7e0b6654089e5b00e950f1a",
                "groups": {},
                "checks": {}
            }
        },
        "checks": {
            "page ok": {
                "passes": 4932,
                "fails": 68,
                "name": "page ok",
                "path": "::page ok",
                "id": "2e796bb933268c7c35d2149c8e012038"
            },
            "time ok": {
                "name": "time ok",
                "path": "::time ok",
                "id": "59c9b6b51f3103bf03f4239bfb9cdb4a",
                "passes": 24123,
                "fails": 1473
            },
            "status ok": {
                "fails": 9034,
                "name": "status ok",
                "path": "::status ok",
                "id": "017d7c5e080cbf543220d509d2bfff42",
                "passes": 133230
            }
        }
    },
    "metrics": {
        "checks": {
            "passes": 162285,
            "fails": 10575,
            "value": 0.9388233252342937
        },
        "http_req_duration{expected_response:true}": {
            "p(90)": 27.5087,
            "p(95)": 30.596925,
            "avg": 24.081249546479803,
            "min": 16.5699,
            "med": 22.794249999999998,
            "max": 1037.3046
        },
        "http_req_waiting": {
            "min": 8.2459,
            "med": 22.2601,
            "max": 1037.3046,
            "p(90)": 26.8961,
            "p(95)": 29.7584,
            "avg": 22.998324172601375
        },
        "vus": {
            "value": 1,
            "min": 1,
            "max": 5000
        },
        "http_req_connecting": {
            "min": 0,
            "med": 0,
            "max": 1021.0933,
            "p(90)": 0,
            "p(95)": 0,
            "avg": 0.3186952690311868
        },
        "data_sent": {
            "count": 9324594,
            "rate": 8625.545922973255
        },
        "status_errors": {
            "count": 9034,
            "rate": 8.356737233614718
        },
        "http_reqs": {
            "count": 172861,
            "rate": 159.9019210692798
        },
        "http_req_tls_handshaking": {
            "avg": 0.5261950630853681,
            "min": 0,
            "med": 0,
            "max": 283.1685,
            "p(90)": 0,
            "p(95)": 0
        },
        "iteration_duration": {
            "med": 1000.653,
            "max": 2115.2822,
            "p(90)": 1001.2268,
            "p(95)": 1001.9562,
            "avg": 1001.6969440512639,
            "min": 97.8163
        },
        "time_errors": {
            "count": 1473,
            "rate": 1.3625718336411865
        },
        "time_ok_rate": {
            "passes": 24123,
            "fails": 1473,
            "value": 0.9424519456165026
        },
        "http_req_blocked": {
            "avg": 0.8481467757331004,
            "min": 0,
            "med": 0,
            "max": 1039.5155,
            "p(90)": 0,
            "p(95)": 0
        },
        "http_req_duration": {
            "p(95)": 30.3587,
            "avg": 23.390365034912595,
            "min": 8.3014,
            "med": 22.5998,
            "max": 1037.3046,
            "p(90)": 27.2886,
            "thresholds": {
                "p(95)<1500": false
            }
        },
        "http_req_sending": {
            "p(95)": 0,
            "avg": 0.021985576272264936,
            "min": 0,
            "med": 0,
            "max": 6.9964,
            "p(90)": 0
        },
        "http_req_receiving": {
            "min": 0,
            "med": 0,
            "max": 454.6903,
            "p(90)": 0.9999,
            "p(95)": 1.3679,
            "avg": 0.3700552860390769
        },
        "vus_max": {
            "value": 5000,
            "min": 5000,
            "max": 5000
        },
        "page_errors": {
            "rate": 0.06290216204181988,
            "count": 68
        },
        "data_received": {
            "count": 131120050,
            "rate": 121290.21517693419
        },
        "http_req_failed": {
            "passes": 10575,
            "fails": 162286,
            "thresholds": {
                "rate<0.02": true
            },
            "value": 0.06117632085895604
        },
        "status_ok_rate": {
            "passes": 133230,
            "fails": 9034,
            "value": 0.9364983411122982
        },
        "iterations": {
            "count": 4195346,
            "rate": 3880.8284399044246
        },
        "page_ok_rate": {
            "passes": 4932,
            "fails": 68,
            "value": 0.9864
        }
    },
    "setup_data": {
        "slug": "e2e-perf-1768629217584"
    }
}