{
    "metrics": {
        "http_req_waiting": {
            "avg": 29.59123769230769,
            "min": 17.4092,
            "med": 26.429850000000002,
            "max": 201.5747,
            "p(90)": 36.661770000000004,
            "p(95)": 40.73283
        },
        "http_req_duration": {
            "p(95)": 41.95390999999999,
            "avg": 30.196458923076907,
            "min": 18.376,
            "med": 26.70345,
            "max": 202.5034,
            "p(90)": 37.565920000000006,
            "thresholds": {
                "p(95)<1500": false
            }
        },
        "http_req_duration{expected_response:true}": {
            "p(90)": 37.565920000000006,
            "p(95)": 41.95390999999999,
            "avg": 30.196458923076907,
            "min": 18.376,
            "med": 26.70345,
            "max": 202.5034
        },
        "http_req_connecting": {
            "avg": 3.1138021538461524,
            "min": 0,
            "med": 0,
            "max": 13.8936,
            "p(90)": 9.874229999999999,
            "p(95)": 10.728584999999999
        },
        "http_req_tls_handshaking": {
            "avg": 6.418873538461535,
            "min": 0,
            "med": 0,
            "max": 49.0595,
            "p(90)": 19.97456,
            "p(95)": 21.047214999999998
        },
        "http_req_receiving": {
            "p(90)": 1.40501,
            "p(95)": 1.8730599999999988,
            "avg": 0.5181203076923074,
            "min": 0,
            "med": 0.36060000000000003,
            "max": 9.5679
        },
        "iterations": {
            "count": 1287,
            "rate": 96.77757665203289
        },
        "http_req_blocked": {
            "p(90)": 29.341780000000004,
            "p(95)": 31.344084999999993,
            "avg": 9.559843076923075,
            "min": 0,
            "med": 0,
            "max": 58.5812
        },
        "http_req_failed": {
            "fails": 650,
            "passes": 0,
            "thresholds": {
                "rate<0.02": false
            },
            "value": 0
        },
        "data_sent": {
            "count": 158804,
            "rate": 11941.465643084251
        },
        "http_req_sending": {
            "avg": 0.08710092307692306,
            "min": 0,
            "med": 0,
            "max": 1.0057,
            "p(90)": 0.52592,
            "p(95)": 0.5422699999999999
        },
        "iteration_duration": {
            "p(95)": 1118.46539,
            "avg": 1018.7061106366466,
            "min": 212.8067,
            "med": 1000.74305,
            "max": 1389.0138,
            "p(90)": 1112.78649
        },
        "checks": {
            "passes": 649,
            "fails": 0,
            "value": 1
        },
        "vus": {
            "value": 209,
            "min": 9,
            "max": 209
        },
        "data_received": {
            "count": 3067470,
            "rate": 230662.24790428233
        },
        "http_reqs": {
            "count": 650,
            "rate": 48.87756396567318
        },
        "vus_max": {
            "value": 5000,
            "min": 5000,
            "max": 5000
        }
    },
    "setup_data": {
        "slug": "e2e-perf-1768625594090"
    },
    "root_group": {
        "name": "",
        "path": "",
        "id": "d41d8cd98f00b204e9800998ecf8427e",
        "groups": {
            "setup": {
                "name": "setup",
                "path": "::setup",
                "id": "5c0f8025f7e0b6654089e5b00e950f1a",
                "groups": {},
                "checks": {}
            }
        },
        "checks": {
            "page ok": {
                "fails": 0,
                "name": "page ok",
                "path": "::page ok",
                "id": "2e796bb933268c7c35d2149c8e012038",
                "passes": 217
            },
            "time ok": {
                "name": "time ok",
                "path": "::time ok",
                "id": "59c9b6b51f3103bf03f4239bfb9cdb4a",
                "passes": 216,
                "fails": 0
            },
            "status ok": {
                "path": "::status ok",
                "id": "017d7c5e080cbf543220d509d2bfff42",
                "passes": 216,
                "fails": 0,
                "name": "status ok"
            }
        }
    }
}